{"level1Stars":0,"level2Stars":0,"level3Stars":0,"bgmVolume":0.30000001192092898,"sfxVolume":1.0,"voiceVolume":0.3700000047683716}